5E-CF-7F-01-85-56,5ECF7F018556,5C-CF-7F-01-85-56,5CCF7F018556
5E-CF-7F-01-85-56,5ECF7F018556,5C-CF-7F-01-85-56,5CCF7F018556
1A-FE-34-E5-EC-F6,1AFE34E5ECF6,18-FE-34-E5-EC-F6,18FE34E5ECF6
1A-FE-34-E5-EC-F6,1AFE34E5ECF6,18-FE-34-E5-EC-F6,18FE34E5ECF6
1A-FE-34-D3-2C-CA,1AFE34D32CCA,18-FE-34-D3-2C-CA,18FE34D32CCA
EE-FA-BC-A9-12-51,EEFABCA91251,EC-FA-BC-A9-12-51,ECFABCA91251
EE-FA-BC-A9-12-51,EEFABCA91251,EC-FA-BC-A9-12-51,ECFABCA91251
EE-FA-BC-A9-12-51,EEFABCA91251,EC-FA-BC-A9-12-51,ECFABCA91251
EE-FA-BC-A9-12-51,EEFABCA91251,EC-FA-BC-A9-12-51,ECFABCA91251
EE-FA-BC-A9-12-51,EEFABCA91251,EC-FA-BC-A9-12-51,ECFABCA91251
EE-FA-BC-A9-12-51,EEFABCA91251,EC-FA-BC-A9-12-51,ECFABCA91251
EE-FA-BC-A9-12-51,EEFABCA91251,EC-FA-BC-A9-12-51,ECFABCA91251
EE-FA-BC-A9-12-51,EEFABCA91251,EC-FA-BC-A9-12-51,ECFABCA91251
EE-FA-BC-A9-12-51,EEFABCA91251,EC-FA-BC-A9-12-51,ECFABCA91251
EE-FA-BC-A9-12-51,EEFABCA91251,EC-FA-BC-A9-12-51,ECFABCA91251
EE-FA-BC-A9-12-51,EEFABCA91251,EC-FA-BC-A9-12-51,ECFABCA91251
EE-FA-BC-A9-12-51,EEFABCA91251,EC-FA-BC-A9-12-51,ECFABCA91251
EE-FA-BC-A9-19-99,EEFABCA91999,EC-FA-BC-A9-19-99,ECFABCA91999
EE-FA-BC-A9-12-51,EEFABCA91251,EC-FA-BC-A9-12-51,ECFABCA91251
